{
    "Baseline": {
        "Acc": 0.8536082474226804,
        "Size": 417.6582145690918,
        "Lat": 3.4144440877068902
    },
    "Fin-Edge": {
        "Acc": 0.8459257731958763,
        "Size": 48.03069467544556,
        "Lat": 0.4097332905248268
    }
}